Which West Point class produced Jefferson Davis?	The Class of 1828	class-year
This West Point class, graduating in 1828, produced the future Confederate president.	Class of 1828	class-year
This Confederate president graduated from West Point in the Class of 1828 and feuded with Joseph E. Johnston.	Who is Jefferson Davis?	class-year, person
Which West Point class produced Robert E. Lee?	The Class of 1829	class-year
This West Point class, graduating in 1829, produced a cadet who ranked 2nd with zero demerits.	Class of 1829	class-year
This future Confederate commander graduated 2nd in the Class of 1829 with zero demerits and married Mary Custis.	Who is Robert E. Lee?	class-year, person, trick-clue
Which West Point class produced P.G.T. Beauregard?	The Class of 1838	class-year
This West Point class, graduating in 1838, produced the general who fired the first shot at Fort Sumter.	Class of 1838	class-year
This general fired the first shot at Fort Sumter and served only 5 days as West Point superintendent.	Who is P.G.T. Beauregard?	class-year, person
Which West Point class produced Longstreet, D.H. Hill, Rosecrans, and Pope?	The Class of 1842	class-year
This West Point class, graduating in 1842, produced four notable generals including Grant's friend Longstreet.	Class of 1842	class-year
This Confederate general ranked 54th in the Class of 1842 and was Lee's wingman and Grant's friend.	Who is James Longstreet?	class-year, person
Which West Point class produced Grant, Buckner, and Sherman?	The Class of 1843	class-year
This West Point class, graduating in 1843, produced a future president who ranked 21st of 39.	Class of 1843	class-year
This Union general ranked 21st of 39 in the West Point Class of 1843 and later accepted Lee's surrender.	Who is Ulysses S. Grant?	class-year, person
Which West Point class produced McClellan, Jackson, A.P. Hill, and Pickett?	The Class of 1846	class-year
This West Point class, graduating in 1846, produced 22 future generals — more than any other.	Class of 1846	class-year, count
This general ranked 2nd in the West Point Class of 1846 and was known as the "Young Napoleon."	Who is George McClellan?	class-year, person, nickname
Which West Point class produced George Armstrong Custer?	The Class of 1861	class-year
This West Point class, graduating in 1861, contained a cadet who finished last and was almost expelled.	Class of 1861	class-year
This cavalry commander finished dead last in the West Point Class of 1861 and was almost expelled.	Who is George Armstrong Custer?	class-year, person
What was Ulysses S. Grant's real name at birth?	Hiram Ulysses Grant	person, trick-clue
This Union general was born Hiram Ulysses Grant, had his name mangled by a congressman, and graduated 21st of 39 in the Class of 1843.	Ulysses S. Grant	person, trick-clue
This Union general was born Hiram Ulysses Grant — the "S" was a clerical error that stuck.	Who is Ulysses S. Grant?	person, trick-clue
How many demerits did Robert E. Lee receive during his entire time at West Point?	Zero	person, trick-clue
This Confederate general graduated 2nd in the Class of 1829 with zero demerits and married Mary Custis, great-granddaughter of Martha Washington.	Robert E. Lee	person, trick-clue
This general graduated 2nd in his West Point class with zero demerits and married the great-granddaughter of Martha Washington.	Who is Robert E. Lee?	person, trick-clue
Where did Stonewall Jackson rank in his West Point class?	17th	person, nickname
This Confederate general graduated 17th in the Class of 1846; his nickname "Stonewall" may have been intended as an insult.	Thomas "Stonewall" Jackson	person, nickname
This Confederate general earned his nickname at First Bull Run, graduated 17th in the Class of 1846, and his moniker may have been an insult.	Who is Stonewall Jackson?	person, nickname, trick-clue
What was George McClellan's West Point class rank?	2nd	person, nickname
This Union general, known as the "Young Napoleon," ranked 2nd in the Class of 1846 and was roommates with A.P. Hill.	George McClellan	person, nickname
This Union general was called the "Young Napoleon," ranked 2nd at West Point, roomed with A.P. Hill, and they later loved the same woman.	Who is George McClellan?	person, nickname, relationship
Where did George Pickett rank in his West Point class?	59th (last)	person
This Confederate general ranked dead last in the Class of 1846 and is remembered for the doomed frontal assault on the third day of Gettysburg.	George Pickett	person
This Confederate general graduated last in the West Point Class of 1846 and led the famous charge on July 3, 1863.	Who is George Pickett?	person
Where did James Longstreet rank in his West Point class?	54th	person, relationship
This Confederate general ranked 54th in the Class of 1842 and was best man at Grant's wedding.	James Longstreet	person, relationship
This Confederate general was Lee's wingman, Grant's friend, best man at Grant's wedding, and ranked 54th at West Point.	Who is James Longstreet?	person, relationship
Which Confederate figure graduated from West Point in 1828?	Jefferson Davis	class-year, person
This Confederate president graduated from the Class of 1828 and famously feuded with Joseph E. Johnston.	Jefferson Davis	person
This Confederate president graduated from West Point in 1828 and feuded with one of his own generals, Joseph E. Johnston.	Who is Jefferson Davis?	person
How long was P.G.T. Beauregard's tenure as West Point superintendent?	5 days	person, trick-clue
This Confederate general fired the first shot at Fort Sumter and lasted only 5 days as West Point superintendent before being fired.	P.G.T. Beauregard	person, trick-clue
This Confederate general fired on Fort Sumter and served only 5 days as West Point superintendent before being removed.	Who is P.G.T. Beauregard?	person, trick-clue
How many future generals did the West Point Class of 1846 produce?	22 (12 Union, 10 Confederate)	count, class-year
This West Point class produced 22 future generals — 12 for the Union and 10 for the Confederacy, more than any other.	Class of 1846	count, class-year
More than any other West Point class, this one produced 22 future generals in the Civil War.	What is the Class of 1846?	count, class-year
How many demerits did Robert E. Lee receive in four years at West Point?	0	count, trick-clue
This number represents the demerits Robert E. Lee received during his entire West Point career — a perfect record.	Zero	count, trick-clue
This is the number of demerits Robert E. Lee received at West Point, a record no other cadet matched.	What is zero?	count, trick-clue
How long did P.G.T. Beauregard serve as West Point superintendent?	5 days	count, trick-clue
This is how many days P.G.T. Beauregard lasted as West Point superintendent before being fired.	5 days	count, trick-clue
This is the length of Beauregard's tenure as West Point superintendent, one of the shortest in the academy's history.	What is 5 days?	count, trick-clue
Approximately how many casualties were suffered at the Battle of Antietam?	~23,000	count
This is the approximate number of casualties at the single bloodiest day of the Civil War.	~23,000	count
This is the approximate number of casualties at Antietam, the bloodiest single day in American military history.	What is approximately 23,000?	count
Approximately how many West Point graduates became generals in the Civil War?	~300 (roughly 150 each side)	count
This is the approximate number of West Pointers who served as generals during the Civil War, split roughly evenly.	~300	count
This is the approximate number of West Point graduates who became generals in the Civil War, divided about equally between North and South.	What is approximately 300?	count
What was the relationship between Beauregard and Anderson before the Civil War?	Anderson was Beauregard's artillery instructor at West Point	relationship
This Confederate general fired on his former West Point instructor at Fort Sumter.	P.G.T. Beauregard fired on Robert Anderson	relationship
This Confederate general fired on his own West Point artillery instructor at Fort Sumter, beginning the war.	Who is P.G.T. Beauregard?	relationship
Who were West Point roommates who fought on opposite sides and shared a love triangle with Ellen Marcy?	McClellan and A.P. Hill	relationship
This Union general and Confederate general were roommates at West Point who both proposed to Ellen Marcy and later clashed at Antietam.	George McClellan and A.P. Hill	relationship
These two generals were West Point roommates, rivals for the same woman, and faced each other at Antietam.	Who are George McClellan and A.P. Hill?	relationship
Who were best friends who fought on opposite sides at Gettysburg?	Lewis Armistead and Winfield Scott Hancock	relationship
These two best friends from West Point faced each other at Gettysburg, where Armistead was mortally wounded after reaching the Union lines.	Lewis Armistead and Winfield Scott Hancock	relationship
This Confederate brigadier led his men toward the Union center at Gettysburg, heading directly toward his own best friend's position.	Who is Lewis Armistead?	relationship
How many times had Grant and Lee met before the Appomattox surrender?	Twice (once in the Mexican-American War and once at Appomattox)	relationship, trick-clue
These two commanders met only twice in their lives — at Appomattox and once during the Mexican-American War.	Ulysses S. Grant and Robert E. Lee	relationship, trick-clue
At their second-ever meeting, this Union general accepted the surrender of his Confederate counterpart.	Who is Ulysses S. Grant?	relationship
Who served as best man at each other's weddings?	Grant and Longstreet	relationship
This Confederate general was best man at Grant's wedding; Grant later returned the favor at Longstreet's wedding.	James Longstreet	relationship
Best man at Grant's wedding and later his adversary on the battlefield, this Confederate general remained a lifelong friend.	Who is James Longstreet?	relationship
Whom did George Armstrong Custer save from drowning at West Point?	Thomas Rosser (his future Confederate adversary)	relationship
This Confederate cavalry commander was saved from drowning at West Point by his future Union adversary, George Custer.	Thomas Rosser	relationship
This Union cavalry commander saved a fellow cadet from drowning at West Point, only to face him across the battlefield years later.	Who is George Armstrong Custer?	relationship
